Name, Roll No, Email, Password
John Doe, 101, john@example.com, mypassword
Jane Doe, 102, jane@example.com, anotherpassword
Alice Smith, 103, alice.smith@example.com, password123
Bob Johnson, 104, bob.johnson@example.com, qwerty123
Charlie Brown, 105, charlie.brown@example.com, pass1234
David Wilson, 106, david.wilson@example.com, 1234abcd
Eve White, 107, eve.white@example.com, hello123
Frank Black, 108, frank.black@example.com, 4321abcd
Grace Green, 109, grace.green@example.com, securepassword
Henry King, 110, henry.king@example.com, mysecurepwd
Ivy Lee, 111, ivy.lee@example.com, password2025
Jack Moore, 112, jack.moore@example.com, moorepassword
Karen Hall, 113, karen.hall@example.com, hall12345
Leo Young, 114, leo.young@example.com, leopassword
Mia Scott, 115, mia.scott@example.com, scottpwd
Nina Adams, 116, nina.adams@example.com, nina12345
Oscar Turner, 117, oscar.turner@example.com, oscar123
Paul Carter, 118, paul.carter@example.com, password987
Quincy Walker, 119, quincy.walker@example.com, quincy567
